"DISEASE OUTBREAKS  OF PREVIOUS WEEKS REPORTED LATE","","","","","","","",""
"Sl. No","Name of State/UT","Name of District","Disease/ Illness","Cases","Deaths","Date of start of outbreak","Current Status","Comments/ Action taken"
"1","Bihar","Madhubani","xxi. Acute Diarrhoeal Disease","69","0","30/09/13","Under Control","Cases of diarrhoea and vomiting reported from Village Indra Mandal tola, SC Sugapatti, PHC Phulparas, District Madhubani. District RRT investigated the outbreak.  House to house survey done.  Medical camp organized. Symptomatic  treatement  given  to  cases.  ORS  packets  and  halogen  tablets distributed in the community. Chlorination of water sources done. IEC done regarding safe drinking water and sanitation."
"","","Madhubani","xxii. Acute Diarrhoeal Disease","30","1","28/10/13","Under Control","Cases  of  diarrhoea  and  vomiting  reported  from  Village/SC  Rupauli,  PHC Jhanjharpur,  District  Madhubani.  District  RRT  and  Block  health team investigated the  outbreak.  Active  search for  cases  done.  Medical  camp organized.  All  cases  treated.  One  death  occurred  in  14yr  old  female  child. ORS packets  and halogen tablets distributed. Chlorination of  water sources done. IEC activity regarding safe drinking water done."
"","","Katihar","xxiii. Acute Diarrhoeal Disease","13","3","24/10/13","Under control","Cases  of  diarrhoea reported from  Village  Ahuta,  Alipur,  SC  Lachhor, PHC/Block  Balrampur,  District  Katihar.  District  RRT investigated the outbreak.   House to  house  survey  done.  Cases  occurred in  a  Adiwasi community.  3  deaths  occurred  in  45yr,  35yr  and  5yr  old  male.  Temporary medical camps organized. All cases treated symptomatically. Chlorination of water sources done. Health education given."
