"","2012 BETTER VARIETIES Harvest Report for Minnesota Central  [ MNCE ]2012 BETTER VARIETIES Harvest Report for Minnesota Central  [ MNCE ]","","","","","","","","","","","","ALL SEASON TESTALL SEASON TEST",""
"","Doug Toreen, Renville County, MN 55310          [ BIRD ISLAND ]Doug Toreen, Renville County, MN 55310","","","","","[ BIRD ISLAND ]","","","","","","","1.3 - 2.0 MAT. GROUP1.3 - 2.0 MAT. GROUP",""
"PREVPREV. CROP/HERB:","CROP/HERB","C/ S","Corn / Surpass, RoundupR","d","","","","","","","","","","S2MNCE01S2MNCE01"
"SOIL DESCRIPTION:","","C","Canisteo clay loam, mod. well drained, non-irrigated","","","","","","","","","","",""
"SOIL CONDITIONS:","","","High P, high K, 6.7 pH, 3.9% OM, Low SCN","","","","","","","","","","","30"" ROW SPACING"
"TILLAGE/CULTIVATION:TILLAGE/CULTIVATION:","","","conventional w/ fall tillconventional w/ fall till","","","","","","","","","","",""
"PEST MANAGEMENT:PEST MANAGEMENT:","","Roundup twiceRoundup twice","","","","","","","","","","","",""
"SEEDED - RATE:","","May 15M15","140,000 /A140 000 /A","","","","","","","","TOP 30 foTOP 30 for YIELD of 63 TESTED","","YIELD of 63 TESTED",""
"HARVESTEDHARVESTED - STAND:","STAND","O t 3Oct 3","122 921 /A122,921 /A","","","","","","","","","AVERAGE of (3) REPLICATIONSAVERAGE of (3) REPLICATIONS","",""
"","","","","","","SCN","Seed","Yield","Moisture","Lodgingg","g","Stand","","Gross"
"","Company/Brandpy","Product/Brand†","","Technol.†","Mat.","Resist.","Trmt.†","Bu/A","%","%","","(x 1000)(",")","Income"
"","KrugerKruger","K2-1901K2 1901","","RR2YRR2Y","1.91.9","RR","Ac,PVAc,PV","56.456.4","7.67.6","00","","126.3126.3","","$846$846"
"","StineStine","19RA02 §19RA02 §","","RR2YRR2Y","1 91.9","RR","CMBCMB","55.355.3","7 67.6","00","","120 0120.0","","$830$830"
"","WensmanWensman","W 3190NR2W 3190NR2","","RR2YRR2Y","1 91.9","RR","AcAc","54 554.5","7 67.6","00","","119 5119.5","","$818$818"
"","H ftHefty","H17Y12H17Y12","","RR2YRR2Y","1 71.7","MRMR","II","53 753.7","7 77.7","00","","124 4124.4","","$806$806"
"","Dyna-Gro","S15RY53","","RR2Y","1.5","R","Ac","53.6","7.7","0","","126.8","","$804"
"","LG SeedsLG Seeds","C2050R2C2050R2","","RR2YRR2Y","2.12.1","RR","AcAc","53.653.6","7.77.7","00","","123.9123.9","","$804$804"
"","Titan ProTitan Pro","19M4219M42","","RR2YRR2Y","1.91.9","RR","CMBCMB","53.653.6","7.77.7","00","","121.0121.0","","$804$804"
"","StineStine","19RA02 (2) §19RA02 (2) §","","RR2YRR2Y","1 91.9","RR","CMBCMB","53 453.4","7 77.7","00","","123 9123.9","","$801$801"
"","AsgrowAsgrow","AG1832 §AG1832 §","","RR2YRR2Y","1 81.8","MRMR","Ac PVAc,PV","52 952.9","7 77.7","00","","122 0122.0","","$794$794"
"","Prairie Brandiid","PB-1566R2662","","RR2Y2","1.5","R","CMB","52.8","7.7","0","","122.9","","$792$"
"","Channel","1901R2","","RR2Y","1.9","R","Ac,PV,","52.8","7.6","0","","123.4","","$791$"
"","Titan ProTitan Pro","20M120M1","","RR2YRR2Y","2.02.0","RR","AmAm","52.552.5","7.57.5","00","","124.4124.4","","$788$788"
"","KrugerKruger","K2-2002K2-2002","","RR2YRR2Y","2 02.0","RR","Ac PVAc,PV","52 452.4","7 97.9","00","","125 4125.4","","$786$786"
"","ChannelChannel","1700R21700R2","","RR2YRR2Y","1 71.7","RR","Ac PVAc,PV","52 352.3","7 97.9","00","","123 9123.9","","$784$784"
"","H ftHefty","H16Y11H16Y11","","RR2YRR2Y","1 61.6","MRMR","II","51 451.4","7 67.6","00","","123 9123.9","","$771$771"
"","Anderson","162R2Y","","RR2Y","1.6","R","None","51.3","7.5","0","","119.5","","$770"
"","Titan ProTitan Pro","15M2215M22","","RR2YRR2Y","1.51.5","RR","CMBCMB","51.351.3","7.87.8","00","","125.4125.4","","$769$769"
"","DairylandDairyland","DSR-1710R2YDSR-1710R2Y","","RR2YRR2Y","1 71.7","RR","CMBCMB","51 351.3","7 77.7","00","","122 0122.0","","$769$769"
"","HeftyHefty","H20R3H20R3","","RR2YRR2Y","2 02.0","MRMR","II","50 550.5","8 28.2","00","","121 0121.0","","$757$757"
"","PPrairie BrandiiBd","PB 1743R2PB-1743R2","","RR2YRR2Y","1 71.7","RR","CMBCMB","50 250.2","7 77.7","00","","125 8125.8","","$752$752"
"","Gold Country","1741","","RR2Y","1.7","R","Ac","50.1","7.8","0","","123.9","","$751"
"","Trelaye ay","20RR4303","","RR2Y","2.00","R","Ac,Exc,","49.99 9","7.66","00","","127.88","","$749$9"
"","HeftyHefty","H14R3H14R3","","RR2YRR2Y","1.41.4","MRMR","II","49.749.7","7.77.7","00","","122.9122.9","","$746$746"
"","Prairie BrandPrairie Brand","PB-2099NRR2PB-2099NRR2","","RR2YRR2Y","2 02.0","RR","CMBCMB","49 649.6","7 87.8","00","","126 3126.3","","$743$743"
"","WensmanWensman","W 3174NR2W 3174NR2","","RR2YRR2Y","1 71.7","RR","AcAc","49 349.3","7 67.6","00","","122 5122.5","","$740$740"
"","KKruger","K2 1602K2-1602","","RR2YRR2Y","1 61.6","R","Ac,PV","48.78","7.66","00","","125.412","","$731$31"
"","NK Brand","S18-C2 §§","","RR2Y","1.8","R","CMB","48.7","7.7","0","","126.8","","$731$"
"","KrugerKruger","K2-1902K2 1902","","RR2YRR2Y","1.91.9","RR","Ac,PVAc,PV","48.748.7","7.57.5","00","","124.4124.4","","$730$730"
"","Prairie BrandPrairie Brand","PB-1823R2PB-1823R2","","RR2YRR2Y","1 81.8","RR","NoneNone","48 548.5","7 67.6","00","","121 0121.0","","$727$727"
"","Gold CountryGold Country","15411541","","RR2YRR2Y","1 51.5","RR","AcAc","48 448.4","7 67.6","00","","110 4110.4","","$726$726"
"","","","","","","","Test Average  =","47 647.6","7 77.7","00","","122 9122.9","","$713$713"
"","","","","","","","LSD (0.10)  =","5.7","0.3","ns","","37.8","","566.4"
