"Clave","","Clave","","","Clave",""
"","Nombre Entidad","","","Nombre Municipio","","Nombre Localidad"
"Entidad","","Municipio","","","Localidad",""
"01","Aguascalientes","001","Aguascalientes","","0094","Granja Adelita"
"01","Aguascalientes","001","Aguascalientes","","0096","Agua Azul"
"01","Aguascalientes","001","Aguascalientes","","0100","Rancho Alegre"
"01","Aguascalientes","001","Aguascalientes","","0102","Los Arbolitos [Rancho]"
"01","Aguascalientes","001","Aguascalientes","","0104","Ardillas de Abajo (Las Ardillas)"
"01","Aguascalientes","001","Aguascalientes","","0106","Arellano"
"01","Aguascalientes","001","Aguascalientes","","0112","Bajío los Vázquez"
"01","Aguascalientes","001","Aguascalientes","","0113","Bajío de Montoro"
"01","Aguascalientes","001","Aguascalientes","","0114","Residencial San Nicolás [Baños la Cantera]"
"01","Aguascalientes","001","Aguascalientes","","0120","Buenavista de Peñuelas"
"01","Aguascalientes","001","Aguascalientes","","0121","Cabecita 3 Marías (Rancho Nuevo)"
"01","Aguascalientes","001","Aguascalientes","","0125","Cañada Grande de Cotorina"
"01","Aguascalientes","001","Aguascalientes","","0126","Cañada Honda [Estación]"
"01","Aguascalientes","001","Aguascalientes","","0127","Los Caños"
"01","Aguascalientes","001","Aguascalientes","","0128","El Cariñán"
"01","Aguascalientes","001","Aguascalientes","","0129","El Carmen [Granja]"
"01","Aguascalientes","001","Aguascalientes","","0135","El Cedazo (Cedazo de San Antonio)"
"01","Aguascalientes","001","Aguascalientes","","0138","Centro de Arriba (El Taray)"
"01","Aguascalientes","001","Aguascalientes","","0139","Cieneguilla (La Lumbrera)"
"01","Aguascalientes","001","Aguascalientes","","0141","Cobos"
"01","Aguascalientes","001","Aguascalientes","","0144","El Colorado (El Soyatal)"
"01","Aguascalientes","001","Aguascalientes","","0146","El Conejal"
"01","Aguascalientes","001","Aguascalientes","","0157","Cotorina de Abajo"
"01","Aguascalientes","001","Aguascalientes","","0162","Coyotes"
"01","Aguascalientes","001","Aguascalientes","","0166","La Huerta (La Cruz)"
"01","Aguascalientes","001","Aguascalientes","","0170","Cuauhtémoc (Las Palomas)"
"01","Aguascalientes","001","Aguascalientes","","0171","Los Cuervos (Los Ojos de Agua)"
"01","Aguascalientes","001","Aguascalientes","","0172","San José [Granja]"
"01","Aguascalientes","001","Aguascalientes","","0176","La Chiripa"
"01","Aguascalientes","001","Aguascalientes","","0182","Dolores"
"01","Aguascalientes","001","Aguascalientes","","0183","Los Dolores"
"01","Aguascalientes","001","Aguascalientes","","0190","El Duraznillo"
"01","Aguascalientes","001","Aguascalientes","","0191","Los Durón"
"01","Aguascalientes","001","Aguascalientes","","0197","La Escondida"
"01","Aguascalientes","001","Aguascalientes","","0201","Brande Vin [Bodegas]"
"01","Aguascalientes","001","Aguascalientes","","0207","Valle Redondo"
"01","Aguascalientes","001","Aguascalientes","","0209","La Fortuna"
"01","Aguascalientes","001","Aguascalientes","","0212","Lomas del Gachupín"
"01","Aguascalientes","001","Aguascalientes","","0213","El Carmen (Gallinas Güeras) [Rancho]"
"01","Aguascalientes","001","Aguascalientes","","0216","La Gloria"
"01","Aguascalientes","001","Aguascalientes","","0226","Hacienda Nueva"
